{
  "parent": "block/cube",
  "textures": {
    "0": "custommods:block/mass_fabricator",
    "particle": "custommods:block/mass_fabricator"
  },
  "elements": [
    {
      "from": [0, 0, 0],
      "to": [16, 16, 16],
      "faces": {
        "south": {"uv": [6.55555, 0, 7.88888, 16], "texture": "#0"},
        "north": {"uv": [5.47222, 0, 6.47222, 16], "texture": "#0"},
        "east": {"uv": [3.9999, 0, 5.3332, 16], "texture": "#0"},
        "west": {"uv": [2.66666, 0, 3.99999, 16], "texture": "#0"},
        "up": {"uv": [1.3333, 0, 2.6666, 16], "texture": "#0"},
        "down": {"uv": [0, 0, 1.33333, 16], "texture": "#0"}
      }
    }
  ]
}